profile,bodyfile,ig,name
http://fhir.ch/ig/ch-core/StructureDefinition/ch-core-practitioner,swiss-ch-core-7.0.0-ballot-Practitioner-SchreibKraft.json,ch.fhir.ig.ch-core%237.0.0-ballot,ch.fhir.ig.ch-core#7.0.0-ballot
http://fhir.ch/ig/ch-core/StructureDefinition/ch-core-practitioner,swiss-ch-core-6.0.0-Practitioner-SchreibKraft.json,ch.fhir.ig.ch-core%236.0.0,ch.fhir.ig.ch-core#6.0.0
http://fhir.ch/ig/ch-emed/StructureDefinition/ch-emed-practitioner,swiss-ch-emed-6.0.0-Practitioner-PriskaHuber.json,ch.fhir.ig.ch-emed%236.0.0,ch.fhir.ig.ch-emed#6.0.0
http://fhir.ch/ig/ch-allergyintolerance/StructureDefinition/ch-allergyintolerance-condition,swiss-ch-allergyintolerance-3.0.1-Condition-CH-AllergyIntolerance-Condition-Usecase-3.json,ch.fhir.ig.ch-allergyintolerance%233.0.1,ch.fhir.ig.ch-allergyintolerance#3.0.1
http://fhir.ch/ig/ch-vacd/StructureDefinition/ch-vacd-pastillnesses,swiss-ch-vacd-7.0.0-ballot-Condition-TCE01-UNDILL1-de.json,ch.fhir.ig.ch-vacd%237.0.0-ballot,ch.fhir.ig.ch-vacd#7.0.0-ballot
http://fhir.ch/ig/ch-vacd/StructureDefinition/ch-vacd-pastillnesses,swiss-ch-vacd-6.0.0-Condition-TCE01-UNDILL1-de.json,ch.fhir.ig.ch-vacd%236.0.0,ch.fhir.ig.ch-vacd#6.0.0
http://fhir.ch/ig/ch-orf/StructureDefinition/ch-orf-location,swiss-ch-orf-3.0.2-Location-LocationOfAppointment.json,ch.fhir.ig.ch-orf%233.0.2,ch.fhir.ig.ch-orf#3.0.2
http://fhir.ch/ig/ch-lab-order/StructureDefinition/ch-lab-order-document-with-sr,swiss-ch-lab-order-3.0.0-Bundle-ch-lab-order-document-with-sr.json,ch.fhir.ig.ch-lab-order%233.0.0,ch.fhir.ig.ch-lab-order#3.0.0
http://fhir.ch/ig/ch-etoc/StructureDefinition/ch-etoc-lab-observation,swiss-ch-etoc-3.0.1-Observation-HbA1c.json,ch.fhir.ig.ch-etoc%233.0.1,ch.fhir.ig.ch-etoc#3.0.1
http://fhir.ch/ig/ch-atc/StructureDefinition/AccessAuditTrailEvent,swiss-ch-atc-3.3.0-AuditEvent-atc-log-read.json,ch.fhir.ig.ch-atc%233.3.0,ch.fhir.ig.ch-atc#3.3.0
http://fhir.ch/ig/ch-epr-ppqm/StructureDefinition/PpqmConsent,swiss-ch-epr-ppqm-2.0.0-Consent-Template202Consent.json,ch.fhir.ig.ch-epr-ppqm%232.0.0,ch.fhir.ig.ch-epr-ppqm#2.0.0
http://fhir.ch/ig/ch-epr-mhealth/StructureDefinition/ch-pixm-in-parameters,swiss-ch-epr-mhealth-3.0.0-Parameters-ParametersPIXmInput.json,ch.fhir.ig.ch-epr-mhealth%233.0.0,ch.fhir.ig.ch-epr-mhealth#3.0.0
http://fhir.ch/ig/ch-elm/StructureDefinition/ch-elm-practitionerrole-orderer,swiss-ch-elm-1.15.1-PractitionerRole-1cPR-KsAbc.json,ch.fhir.ig.ch-elm%231.15.1,ch.fhir.ig.ch-elm#1.15.1
http://fhir.ch/ig/ch-lab-report/StructureDefinition/ch-lab-specimen,swiss-ch-lab-report-2.0.0-Specimen-BloodCBC.json,ch.fhir.ig.ch-lab-report%232.0.0,ch.fhir.ig.ch-lab-report#2.0.0
http://fhir.ch/ig/ch-emed-epr/StructureDefinition/ch-emed-epr-practitioner,swiss-ch-emed-epr-3.0.0-Practitioner-PharmacistDoe.json,ch.fhir.ig.ch-emed-epr%233.0.0,ch.fhir.ig.ch-emed-epr#3.0.0
http://fhir.ch/ig/ch-ig/StructureDefinition/ch-ig-practitioner,swiss-ch-ig-1.2.3-Practitioner-HansMuster.json,ch.fhir.ig.ch-ig%231.2.3,ch.fhir.ig.ch-ig#1.2.3
http://fhir.ch/ig/ch-epr-fhir/StructureDefinition/ch-pixm-in-parameters,swiss-ch-epr-fhir-5.0.0-Parameters-ParametersPIXmInput.json,ch.fhir.ig.ch-epr-fhir%235.0.0,ch.fhir.ig.ch-epr-fhir#5.0.0
http://fhir.ch/ig/ch-ips/StructureDefinition/ch-ips-practitioner,swiss-ch-ips-2.0.0-Practitioner-FamilienHausarzt.json,ch.fhir.ig.ch-ips%232.0.0,ch.fhir.ig.ch-ips#2.0.0
http://fhir.ch/ig/ch-rad-order/StructureDefinition/ch-rad-order-INR-observation,swiss-ch-rad-order-2.0.1-Observation-CaveatBloodCoagulationINR.json,ch.fhir.ig.ch-rad-order%232.0.1,ch.fhir.ig.ch-rad-order#2.0.1
http://fhir.ch/ig/ch-epreg/StructureDefinition/ch-epreg-practitioner-thcp,swiss-ch-epreg-1.0.0-Practitioner-UC1-PetraSectionata.json,ch.fhir.ig.ch-epreg%231.0.0,ch.fhir.ig.ch-epreg#1.0.0
http://fhir.ch/ig/ch-emr/StructureDefinition/ch-emr-device,swiss-ch-emr-1.0.0-ballot-Device-EX-MedicalDevice.json,ch.fhir.ig.ch-emr%231.0.0-ballot,ch.fhir.ig.ch-emr#1.0.0-ballot
http://fhir.ch/ig/ch-alis-connect/StructureDefinition/ch-alis-connect-chargeitem,swiss-ch-alis-connect-1.0.0-ballot-ChargeItem-ChargeItemLKAATIcdSessionB-45679.json,ch.fhir.ig.ch-alis-connect%231.0.0-ballot,ch.fhir.ig.ch-alis-connect#1.0.0-ballot
http://fhir.ch/ig/ch-ems/StructureDefinition/ch-ems-organization,swiss-ch-ems-2.0.0-ballot-Organization-1-Rettungsdienst.json,ch.fhir.ig.ch-ems%232.0.0-ballot,ch.fhir.ig.ch-ems#2.0.0-ballot
http://fhir.ch/ig/ch-umzh-connect/StructureDefinition/ch-umzh-connect-servicerequest,swiss-ch-umzh-connect-1.0.0-ballot-ServiceRequest-ReferralTumorboard.json,ch.fhir.ig.ch-umzh-connect%231.0.0-ballot,ch.fhir.ig.ch-umzh-connect#1.0.0-ballot
